container,cca,bare,ram
1,1,NA,NA
2,0.3626760563380282,0.39084507042253525,0.24647887323943662
3,0.27112676056338025,0.39436619718309857,0.3345070422535211
4,NA,1,NA
5,0.28428093645484953,0.4448160535117057,0.2709030100334448
6,NA,NA,1
7,0.28852459016393445,0.45901639344262296,0.2524590163934426
8,0.40203562340966925,0.1984732824427481,0.3994910941475827
9,0.2178217821782178,0.29042904290429045,0.49174917491749176
