container,cca,bare,ram
1,1,NA,NA
2,0.3880438919193201,0.31519091716351644,0.2967651909171635
3,0.24363105493667223,0.45649915168413713,0.2998697933791906
4,NA,1,NA
5,0.26107171110155025,0.45397138217700855,0.28495690672144114
6,NA,NA,1
7,0.29118365795622747,0.4339142374596173,0.2749021045841553
8,0.3921044568573382,0.23341582408258504,0.37447971906007677
9,0.2582518389812587,0.2537136847640331,0.48803447625470814
